Type,Title,Services,Skills,Description,In4_project,In4_employment,Num_applicants,Applicants,Duration,Price,Link
Nhận chào giá,"
Thiết kế và quản trị website Hết hạn nhận chào giá
","
Dịch vụ cần thuê:


Dựng website bán hàng 

",,"

Công ty chúng tôi hoạt động trong lĩnh vực dịch vụ bảo trì bảo dưỡng thiết bị. Hiện nay, chúng tôi đang cần thiết kế lại website và quản trị web, đăng bài định kỳ, làm mới nội dung, các ứng viên quan tâm vui lòng gửi báo giá. Trân trọng hợp tác!

","

ID dự án
39896
Ngày đăng

                                            05/05/2020, 10:55                                    
Chỉ còn
Hết hạn nhận chào giá
Địa điểm

                Toàn Quốc            
Ngân sách

                1.000.000đ                            
Hình thức làm việc

                                            Làm tại văn phòng                                                                            
Hình thức trả lương

                                    Trả theo dự án                            

","









                        Thu Thuy Dang                


















Đến từ
Ha Noi
Tham gia
05/05/2020
Đã đăng


                    1                    việc                



","
                Chào giá:                                        
                        13                    
","['/freelancer/nguyen-huu-ngoc', '/freelancer/nam-va-likala', '/freelancer/nguyen-anh-tuan-18', '/freelancer/phan-van-thanh-5', '/freelancer/nguyen-trung-23', '/freelancer/team-solution-software', '/freelancer/bang-andre', '/freelancer/adward-nguyen-1', '/freelancer/nguyen-ut-hien', '/freelancer/le-dinh-ky', '/freelancer/trueday', '/freelancer/khoi-le-nguyen', '/freelancer/ngo-chung-kien']","
                Trung bình:                11 ngày
","

                Thấp nhất:                1.000.000 VNĐ

|

                Trung bình:                8.807.692 VNĐ

|

                Cao nhất:                30.000.000 VNĐ

",https://www.vlance.vn/viec-freelance/thiet-ke-va-quan-tri-website
Nhận chào giá,"
Thiết kế web bán hàng Hết hạn nhận chào giá
","
Dịch vụ cần thuê:


Viết phần mềm theo yêu cầu 

","
Kỹ năng

Thiết kế web , 
Bán hàng  ","

Mình đang cần tìm 1 bạn lập trình ưeb. Yêu cầu xây dựng web bán hàng với csdl sql server. Fulltime lương theo thoả thuận. Có văn phòng ở hà nội. Nhà riêng 4 tầng. Mọi thứ đầy đủ. Yêu cầu đã triển khai 1 web bán hàng cụ thể nào đó. Có thể liên h với mình theo [được ẩn bởi vlance]

","

ID dự án
39894
Ngày đăng

                                            05/05/2020, 09:15                                    
Chỉ còn
Hết hạn nhận chào giá
Địa điểm

                Hà Nội            
Ngân sách

                3.000.000đ                                                             - 12.000.000đ                                                
Hình thức làm việc

                                            Làm tại văn phòng                                                                            
Hình thức trả lương

                                    Trả theo dự án                            

","









                        Lê Xuân Thìn                





Lập trình mobile/ lập trình ios












Đến từ
Hai Phong
Tham gia
10/09/2019
Đã đăng


                    7                    việc                



","
                Chào giá:                                        
                        5                    
","['/freelancer/team-solution-software', '/freelancer/dung-nakedsnake', '/freelancer/zone-9-1', '/freelancer/ngo-chung-kien', '/freelancer/nguyen-ut-hien']","
                Trung bình:                12 ngày
","

                Thấp nhất:                1.000.000 VNĐ

|

                Trung bình:                9.200.000 VNĐ

|

                Cao nhất:                15.000.000 VNĐ

",https://www.vlance.vn/viec-lam/thiet-ke-web-ban-hang-23
Nhận chào giá,"
Lấy dữ liệu chi tiết video từ youtube Hết hạn nhận chào giá
","
Dịch vụ cần thuê:


Xử lý dữ liệu 

","
Kỹ năng

Youtube  ","

Xin chào! 
Mình cần giải pháp lấy được thông tin video chi tiết từ video youtube 
Mình có dùng lệnh sau: 
file_get_contents(""https://www.youtube.com/get_video_info?video_id=_0DpQGZNOvw"") 
Mình đã bóc tách được dữ liệu mọi thứ tuy nhiên bị tình trạng sau khi request dữ liệu liên tục 1 thời gian sẽ bị youtube chặn, có thể là bị block ip nên không thể lấy dữ liệu được nữa. 
Mình đang cần 1 giải pháp để giải quyết vấn đề này.

","

ID dự án
39891
Ngày đăng

                                            04/05/2020, 23:22                                    
Chỉ còn
Hết hạn nhận chào giá
Địa điểm

                TP. Hồ Chí Minh            
Ngân sách

                1.500.000đ                            
Hình thức làm việc

                                            Làm tại văn phòng                                                                            
Hình thức trả lương

                                    Trả theo dự án                            

","









                        Đồng                


















Đến từ
TP. Ho Chi Minh
Tham gia
02/09/2017
Đã đăng


                    16                    việc                



","
                Chào giá:                                        
                        9                    
","['/freelancer/luu-manh', '/freelancer/trung-phan-hong', '/freelancer/to-giay-nhap', '/freelancer/nguyen-dinh-duy-fx00384', '/freelancer/nguyen-truong-long-1', '/freelancer/bach-nguyen-quang', '/freelancer/nguyen-an-hung', '/freelancer/team-solution-software', '/freelancer/danh-do']","
                Trung bình:                3 ngày
","

                Thấp nhất:                500.000 VNĐ

|

                Trung bình:                1.166.667 VNĐ

|

                Cao nhất:                1.500.000 VNĐ

",https://www.vlance.vn/viec-freelance/lay-du-lieu-chi-tiet-video-tu-youtube
Nhận chào giá,"
Làm giao diện IOS (copy từ Android sang) Hết hạn nhận chào giá
","
Dịch vụ cần thuê:


Làm Mobile App theo yêu cầu 

","
Kỹ năng

iOS , 
code  ","

Chào các bạn. 
Mình có 1 ứng dụng, đã chạy trên Android, nhưng cậu em bận ko làm tiếp IOS được. 
Mình có nhu cầu tìm 1 bạn code được IOS để copy toàn bộ giao diện bên Android sang, sau đó sẽ đấu nối với cậu em của mình để kết nối các API. 
Dự kiến khoảng 10 trang màn hình nho nhỏ. Chủ yếu text và icon. 
Về chức năng ko có gì, chỉ có load text từ server về.

","

ID dự án
39888
Ngày đăng

                                            04/05/2020, 21:19                                    
Chỉ còn
Hết hạn nhận chào giá
Địa điểm

                Hà Nội            
Ngân sách

                8.000.000đ                            
Hình thức làm việc

                                            Làm tại văn phòng                                                                            
Hình thức trả lương

                                    Trả theo dự án                            

","









                        4free                
















Đến từ
Ha Noi
Tham gia
06/01/2014
Đã đăng


                    1                    việc                



","
                Chào giá:                                        
                        13                    
","['/freelancer/dao-quang-linh', '/freelancer/nalou-long', '/freelancer/dong-anh', '/freelancer/trong-vuong', '/freelancer/tran-van-tuan-11', '/freelancer/chi-nguyen-77', '/freelancer/phong-duy-tran', '/freelancer/dang-khoi-vu-tran', '/freelancer/adward-nguyen-1', '/freelancer/nguyen-tran-hoai-trung', '/freelancer/hoang-long-6', '/freelancer/trinh-vo-mai', '/freelancer/tran-anh-duc']","
                Trung bình:                7 ngày
","

                Thấp nhất:                7.000.000 VNĐ

|

                Trung bình:                8.769.231 VNĐ

|

                Cao nhất:                15.000.000 VNĐ

",https://www.vlance.vn/viec-freelance/lam-giao-dien-ios-copy-tu-android-sang
Nhận chào giá,"
Plugin Booking cho Wordpress Hết hạn nhận chào giá
","
Dịch vụ cần thuê:


Xây dựng Web App MVP (Minium Viable Product) 

","
Kỹ năng

Wordpress  ","

Công việc 1: Bên mình đang dùng 1 hệ thống quản lý lịch spa nhưng giao diện trang booking không localization được. Bên mình cần làm 1 plugin chức năng booking frontend bằng tiếng việt trên wordpress, tất cả dữ liệu lưu trữ hiển thị lấy bằng API của hệ thống quản lý spa. 
Công việc 2: Bên mình cần đồng bộ dữ liệu lịch sử đơn hàng, lịch sử mua hàng, khách hàng từ hệ thống cũ qua hệ thống mơi. 2 hệ thống đều hỗ trợ API

","

ID dự án
39886
Ngày đăng

                                            04/05/2020, 20:16                                    
Chỉ còn
Hết hạn nhận chào giá
Địa điểm

                TP. Hồ Chí Minh            
Ngân sách

                5.000.000đ                            
Hình thức làm việc

                                            Làm tại văn phòng                                                                            
Hình thức trả lương

                                    Trả theo dự án                            

","









                        Công ty JOJOBA                


















Đến từ
Toàn quốc
Tham gia
31/12/2018
Đã đăng


                    4                    việc                



","
                Chào giá:                                        
                        4                    
","['/freelancer/tung-pham-anh', '/freelancer/danh-do', '/freelancer/le-quoc-viet-1', '/freelancer/nguyen-van-phuoc-1']","
                Trung bình:                8 ngày
","

                Thấp nhất:                5.000.000 VNĐ

|

                Trung bình:                5.000.000 VNĐ

|

                Cao nhất:                5.000.000 VNĐ

",https://www.vlance.vn/viec-freelance/plugin-booking-cho-wordpress
Nhận chào giá,"
Xây dựng hệ thống phân quyền User trên phần mềm Faceworks Hết hạn nhận chào giá
","
Dịch vụ cần thuê:


Xử lý dữ liệu 

",,"

Xin chào, hiện mình đang sử dụng phần mềm quản trị của Faceworks nhưng khá bận nên chưa hoàn thiện được hệ thống phân quyền user cũng như cấu trúc giao diện cho phần mềm này. Công việc này khá đơn giản, được mô tả như sau: 
- Tạo ra các loại user với quyền tương ứng bằng cách tick vào các mục trong list được liệt kê trong hệ thống. 
- Tư vấn và sắp xếp lại cấu trúc giao diện người dùng (Faceworks đã xây dựng sẵn, chỉ cần kéo thả, rất đơn giản, chỉ cần thêm kỹ năng sắp xếp logic). 
- Test và hoàn thiện hệ thống. 
Ưu tiên những ai đã từng làm việc với phần mềm của Faceworks và có khả năng logic tốt. Cám ơn các bạn đã đọc tin!

","

ID dự án
39882
Ngày đăng

                                            04/05/2020, 17:57                                    
Chỉ còn
Hết hạn nhận chào giá
Địa điểm

                TP. Hồ Chí Minh            
Ngân sách

                1.500.000đ                            
Hình thức làm việc

                                            Làm tại văn phòng                                                                            
Hình thức trả lương

                                    Trả theo dự án                            

","









                        Ryan Nguyen                





N/A












Đến từ
TP. Ho Chi Minh
Tham gia
31/12/2016
Đã đăng


                    4                    việc                



","
                Chào giá:                                        
                        0                    
",[],"
                Trung bình:                0 ngày
","

                Thấp nhất:                0 VNĐ

|

                Trung bình:                0 VNĐ

|

                Cao nhất:                0 VNĐ

",https://www.vlance.vn/viec-freelance/xay-dung-he-thong-phan-quyen-user-tren-phan-mem-faceworks
Nhận chào giá,"
Viết ứng dụng mobile app cho lĩnh vực tuyển dụng Hết hạn nhận chào giá
","
Dịch vụ cần thuê:


Làm Mobile App theo yêu cầu 

","
Kỹ năng

Quản trị hệ thống , 
Tuyển dụng  ","

Thuê viết Webserver; API; Mobile APP 
- Có 2 giao diện: 
+ Giao diện ứng viên tìm việc 
+ Giao diện nhà tuyển dụng 
1. GIAO DIỆN ỨNG VIÊN TÌM VIỆC 
- Đăng ký tạo tài khoản ( user, pass, sdt nhận mã xác nhận) 
- Cài đặt mật khẩu , email, thông báo... 
- Sử dụng bản đồ 
+ Hiển thị vị trí các công ty đang tuyển dụng 
+ Hiển thị khoảng cách và tuyến đường từ vị trí ứng viên đến các địa điểm tuyển dụng 
- Tạo hồ sơ thông tin cá nhân 
- Xem danh sách công việc 
- Lưu công việc ưu thích 
- Nộp hồ sơ ứng tuyển 
- Từ chối hoặc đồng ý phỏng vấn khi có thư mời từ doanh nghiệp 
- Check các doanh nghiệp đã xem hồ sơ, số lần xem 
- Chat giữa nhà tuyền dụng và ứng viên 
- Ứng viên có thể rewiew đánh giá, cho điểm các doanh nghiệp đã phòng vấn 
- Sử dụng lịch để nhắc thông báo phỏng vấn 
- Nhận các thông báo về công việc phù hợp, thư mời phỏng vấn, thời gian phỏng vấn 
- Sử dụng bộ lọc để lọc các công việc đang đăng theo tiêu chí ưa thích 
- Gửi phản hồi về cho phía quản trị hệ thống khi có các thắc mắc trong quá trình sử dụng app 
2. GIAO DIỆN DOANH NGHIỆP ĐĂNG TIN 
Đăng ký tạo tài khoản ( user, pass, sdt nhận mã xác nhận) 
- Cài đặt mật khẩu , email, thông báo... 
- Tạo hồ sơ công ty 
- Tạo danh sách công việc 
- Đăng tin tuyển dụng 
- Check hồ sơ ứng viên 
- Sử dụng bộ lọc để lọc các ứng viên phù hợp 
- Lưu các ứng viên yêu thích 
- Soạn thư và gửi thư mời phỏng vấn cho ứng viên 
- Chat giữa nhà tuyền dụng và ứng viên 
- Doanh nghiệp có thể trả lời các rewiew từ ứng viên 
- Sử dụng lịch để thông báo về thời gian phỏng vấn 
- Nhận các thông báo về ứng viên xem hồ sơ , ứng viên phù hợp, ứng viên đồng ý phỏng vấn... 
- Sử dụng bản đồ hiển thị công việc đang đăng, số người xem hồ sơ 
- Có thể gửi các phản hồi về cho bên quản trị hệ thống khi có các thắc mắc trong quá trình sử dụng app

","

ID dự án
39881
Ngày đăng

                                            04/05/2020, 17:55                                    
Chỉ còn
Hết hạn nhận chào giá
Địa điểm

                Hà Nội            
Ngân sách

                40.000.000đ                            
Hình thức làm việc

                                            Làm tại văn phòng                                                                            
Hình thức trả lương

                                    Trả theo dự án                            

","









                        Nguyễn văn tuấn                
















Đến từ
Toàn quốc
Tham gia
04/05/2020
Đã đăng


                    1                    việc                



","
                Chào giá:                                        
                        13                    
","['/freelancer/hoang-long-6', '/freelancer/dong-anh', '/freelancer/tran-van-tuan-11', '/freelancer/luu-manh', '/freelancer/van-tam-3', '/freelancer/chi-nguyen-77', '/freelancer/phong-duy-tran', '/freelancer/quang-cuong', '/freelancer/cong-tai', '/freelancer/trinh-vo-mai', '/freelancer/frederick-pham', '/freelancer/doan-van-loi', '/freelancer/adward-nguyen-1']","
                Trung bình:                25 ngày
","

                Thấp nhất:                10.000.000 VNĐ

|

                Trung bình:                83.461.538 VNĐ

|

                Cao nhất:                300.000.000 VNĐ

",https://www.vlance.vn/viec-freelance/viet-ung-dung-mobile-app-cho-linh-vuc-tuyen-dung
Nhận chào giá,"
Làm App CRM cho web CRM đã có sẵn Hết hạn nhận chào giá
","
Dịch vụ cần thuê:


Viết Mobile App cho web có sẵn 

","
Kỹ năng

CRM  ","

Hiện tại bên mình đang có 1 CRM làm trên nền tảng website xong hết rồi. 
Bây giờ mình cần triển khai làm 1 app cho CRM này. 
Phần thiết kế cho app cơ bản cũng xong rồi. 
Ai làm được inb mình nhé! 
Thanks all!

","

ID dự án
39877
Ngày đăng

                                            04/05/2020, 15:56                                    
Chỉ còn
Hết hạn nhận chào giá
Địa điểm

                Hà Nội            
Ngân sách

                3.000.000đ                            
Hình thức làm việc

                                            Làm tại văn phòng                                                                            
Hình thức trả lương

                                    Trả theo dự án                            

","









                        Tâm Lord                


















Đến từ
Ha Noi
Tham gia
20/09/2014
Đã đăng


                    10                    việc                



","
                Chào giá:                                        
                        6                    
","['/freelancer/dao-quang-linh', '/freelancer/nalou-long', '/freelancer/tran-duc-lan', '/freelancer/chi-nguyen-77', '/freelancer/cong-tai', '/freelancer/adward-nguyen-1']","
                Trung bình:                11 ngày
","

                Thấp nhất:                1.000.000 VNĐ

|

                Trung bình:                2.666.667 VNĐ

|

                Cao nhất:                3.000.000 VNĐ

",https://www.vlance.vn/viec-freelance/lam-app-crm-cho-web-crm-da-co-san
Nhận chào giá,"
Cắt HTML/CSS từ PDF Document Hết hạn nhận chào giá
","
Dịch vụ cần thuê:


Cắt HTML/CSS từ PSD 

","
Kỹ năng

CSS , 
HTML , 
Cắt HTML/CSS  ","

- Mình đang cần tuyển 03 bạn làm HTML/CSS để convert PDF template qua Html/Css , theo yêu cầu của thư viện MPDF https://mpdf.github.io/html-support/html-tags.html 
- Yêu cầu không sử dụng bất kì CSS framework 
- HTML/CSS responsive 
- Sử dụng thành thạo Table trong HTML!!! 
- CSS dành cho print cần để trong 1 file riêng 
Đây là công việc rất dài hạn và sẽ được tinh theo giờ (estimate cho từng docs).

","

ID dự án
39876
Ngày đăng

                                            04/05/2020, 15:19                                    
Chỉ còn
Hết hạn nhận chào giá
Địa điểm

                TP. Hồ Chí Minh            
Ngân sách

                200.000đ                            
Hình thức làm việc

                                            Làm tại văn phòng                                                                            
Hình thức trả lương

                                    Trả theo dự án                            

","









                        Thường Tống                
















Đến từ
TP. Ho Chi Minh
Tham gia
18/05/2018
Đã đăng


                    4                    việc                



","
                Chào giá:                                        
                        9                    
","['/freelancer/hung-hoang-27', '/freelancer/dong-anh', '/freelancer/dang-vu-ho', '/freelancer/hung-dt-1', '/freelancer/tung-pham-anh']","
                Trung bình:                4 ngày
","

                Thấp nhất:                200.000 VNĐ

|

                Trung bình:                380.000 VNĐ

|

                Cao nhất:                500.000 VNĐ

",https://www.vlance.vn/viec-freelance/cat-html-css-tu-pdf-document
Nhận chào giá,"
Thiết kế giao diện mới cho app android có sẵn Hết hạn nhận chào giá
","
Dịch vụ cần thuê:


Thiết kế giao diện Mobile App 

","
Kỹ năng

Mobile application , 
Android , 
Thiết kế giao diện  ","

Xin chào các bạn: 
Mình đang cần các bạn thiết kế thêm 2 layout cho mobile app android trang chủ cho app và theo dạng ui và có một số chỉnh sửa cho app android hiện tại. 
Mong các bạn giúp mình việc này.

","

ID dự án
39872
Ngày đăng

                                            03/05/2020, 21:13                                    
Chỉ còn
Hết hạn nhận chào giá
Địa điểm

                Toàn Quốc            
Ngân sách

                3.000.000đ                            
Hình thức làm việc

                                            Làm tại văn phòng                                                                            
Hình thức trả lương

                                    Trả theo dự án                            

","









                        phat tien                
















Đến từ
TP. Ho Chi Minh
Tham gia
03/05/2020
Đã đăng


                    1                    việc                



","
                Chào giá:                                        
                        11                    
","['/freelancer/dao-quang-linh', '/freelancer/luan-nt', '/freelancer/salem-duy', '/freelancer/dong-anh', '/freelancer/chi-nguyen-77', '/freelancer/ngo-xuan-minh-1', '/freelancer/victo-nguyen', '/freelancer/longanht', '/freelancer/lam-cao', '/freelancer/trinh-vo-mai', '/freelancer/ka-ki-1']","
                Trung bình:                5 ngày
","

                Thấp nhất:                2.700.000 VNĐ

|

                Trung bình:                2.972.727 VNĐ

|

                Cao nhất:                3.000.000 VNĐ

",https://www.vlance.vn/viec-freelance/thiet-ke-giao-dien-moi-cho-app-android-co-san
Nhận chào giá,"
Build ứng dụng tương tự MeetMe kèm Live Stream Hết hạn nhận chào giá
","
Dịch vụ cần thuê:


Làm Mobile App theo yêu cầu 

","
Kỹ năng

iOS , 
Android  ","

Xin chào. 
Mình đang cần viết một ứng dụng hẹn hò tương tự Meetme. Gồm có các chức năng: 
- Đăng ký đăng nhập, profile, upload photos 
- Hiện list username (near by) 
- Tìm username theo text 
- Chức năng chat giữa các member 
- Chức năng quan trọng nhật là Video LiveStream. Người xem có thể mua credit để tặng thành người livestream (host) 
Và một số chức năng khác chúng ta sẽ thảo luận khi gặp mặt.

","

ID dự án
39869
Ngày đăng

                                            03/05/2020, 16:14                                    
Chỉ còn
Hết hạn nhận chào giá
Địa điểm

                TP. Hồ Chí Minh            
Ngân sách

                100.000.000đ                            
Hình thức làm việc

                                            Làm tại văn phòng                                                                            
Hình thức trả lương

                                    Trả theo dự án                            

","









                        Tin Nguyen                





Dịch vụ thiết kế website và phần mềm.












Đến từ
TP. Ho Chi Minh
Tham gia
03/03/2015
Đã đăng


                    86                    việc                



","
                Chào giá:                                        
                        7                    
","['/freelancer/tai-pham-19', '/freelancer/tran-van-tuan-11', '/freelancer/tuyen-do', '/freelancer/tran-duc-lan', '/freelancer/dang-khoi-vu-tran', '/freelancer/adward-nguyen-1', '/freelancer/doan-van-loi']","
                Trung bình:                21 ngày
","

                Thấp nhất:                96.000.000 VNĐ

|

                Trung bình:                135.000.000 VNĐ

|

                Cao nhất:                300.000.000 VNĐ

",https://www.vlance.vn/viec-freelance/build-ung-dung-tuong-tu-meetme-kem-live-stream
Nhận chào giá,"
Chuyển HTML sang Wordpress Hết hạn nhận chào giá
","
Dịch vụ cần thuê:


Thiết kế giao diện website 

","
Kỹ năng

HTML , 
Wordpress , 
Plugin , 
code  ","

Mình đang cần tìm 1 bạn có khả năng code với kinh nghiệm sử dụng wordpress, vì yêu cầu của mình khá đơn giản, demo là 1 trang lading page cần chuyển qua wordpress 
Yêu cầu: 
- Trung thực, cởi mở, có trách nhiệm với công việc. 
- Sử dụng thành thạo plugin wpbakery 
Nội dung demo chi tiết mình để trong file đính kèm, các bạn có thể download về xem qua. Mình mong nhận được bài chào giá chi tiết của các bạn sau khi đã xem xong. Xin cám ơn :)

","

ID dự án
39868
Ngày đăng

                                            03/05/2020, 15:20                                    
Chỉ còn
Hết hạn nhận chào giá
Địa điểm

                Toàn Quốc            
Ngân sách

                500.000đ                            
Hình thức làm việc

                                            Làm tại văn phòng                                                                            
Hình thức trả lương

                                    Trả theo dự án                            

","









                        GVN                


















Đến từ
Ha Noi
Tham gia
30/12/2015
Đã đăng


                    12                    việc                



","
                Chào giá:                                        
                        4                    
","['/freelancer/vu-quoc-trung', '/freelancer/thanh-vu-van-3', '/freelancer/trueday', '/freelancer/vinh-nguyen-23']","
                Trung bình:                4 ngày
","

                Thấp nhất:                500.000 VNĐ

|

                Trung bình:                750.000 VNĐ

|

                Cao nhất:                1.000.000 VNĐ

",https://www.vlance.vn/viec-freelance/chuyen-html-sang-wordpress-3
Nhận chào giá,"
Việt hóa Theme website tuyển dụng viết bằng wordpress Hết hạn nhận chào giá
","
Dịch vụ cần thuê:


Chuyển Template thành Website 

","
Kỹ năng

HTML , 
HTML5 , 
Wordpress  ","

- Giao diện trang chủ 
- Giao diện trang con 
- Giao diện backend 
- Đã có sẵn template yêu cầu dựng lên và việt hóa theo yêu cầu 
Template được cài đặt sẵn trên hosting rồi 
Inbox: [được ẩn bởi vlance]

","

ID dự án
39867
Ngày đăng

                                            03/05/2020, 14:32                                    
Chỉ còn
Hết hạn nhận chào giá
Địa điểm

                Toàn Quốc            
Ngân sách

                3.000.000đ                            
Hình thức làm việc

                                            Làm tại văn phòng                                                                            
Hình thức trả lương

                                    Trả theo dự án                            

","









                        Hữu Quyền Nguyễn                





Tổng giám đốc












Đến từ
Ha Noi
Tham gia
27/12/2018
Đã đăng


                    13                    việc                



","
                Chào giá:                                        
                        9                    
","['/freelancer/dong-anh', '/freelancer/nguyen-anh-tuan-18', '/freelancer/nguyen-trung-23', '/freelancer/tran-van-thang-15', '/freelancer/le-quoc-viet-1', '/freelancer/vu-quoc-trung', '/freelancer/tuan-thanh-19', '/freelancer/thanh-vu-van-3', '/freelancer/vinh-nguyen-23']","
                Trung bình:                5 ngày
","

                Thấp nhất:                2.000.000 VNĐ

|

                Trung bình:                2.855.556 VNĐ

|

                Cao nhất:                4.000.000 VNĐ

",https://www.vlance.vn/viec-freelance/viet-hoa-theme-website-tuyen-dung-viet-bang-wordpress
Nhận chào giá,"
Close Hết hạn nhận chào giá
","
Dịch vụ cần thuê:


Làm Mobile App theo yêu cầu 

","
Kỹ năng

Android , 
code  ","

close close close close close close close close close close close close close close close close

","

ID dự án
39866
Ngày đăng

                                            03/05/2020, 10:35                                    
Chỉ còn
Hết hạn nhận chào giá
Địa điểm

                Toàn Quốc            
Ngân sách

                1.000.000đ                                                                
Hình thức làm việc

                                            Làm tại văn phòng                                                                            
Hình thức trả lương

                                    Trả theo dự án                            

","









                        An Tu                


















Đến từ
Ha Noi
Tham gia
03/05/2020
Đã đăng


                    11                    việc                



","
                Chào giá:                                        
                        4                    
","['/freelancer/dao-quang-linh', '/freelancer/dat-chu-1', '/freelancer/dam-manh-hung', '/freelancer/nguyen-phuc-hau-1']","
                Trung bình:                6 ngày
","

                Thấp nhất:                5.000.000 VNĐ

|

                Trung bình:                8.750.000 VNĐ

|

                Cao nhất:                10.000.000 VNĐ

",https://www.vlance.vn/viec-freelance/huong-dan-lap-trinh-android
Nhận chào giá,"
Lấy thông tin của các video trong 1 kênh youtube (một số thông tin không lấy được theo API) Hết hạn nhận chào giá
","
Dịch vụ cần thuê:


Xử lý dữ liệu 

","
Kỹ năng

Google API , 
Lập trình web , 
Youtube  ","

Chức năng: 
Nhập vào 1 link channel, click OK. 
Hiển thị ra metadata tất cả các video trong kênh: bao gồm url, tên video, views, thông tin chủ sở hữu bản quyền bài hát nếu có 
(Ví dụ bên cấp phép cho youtube: M-TP Entertainent với bài hát hãy trao cho anh thì cần lấy ""M-TP Entertainment"")

","

ID dự án
39865
Ngày đăng

                                            03/05/2020, 10:22                                    
Chỉ còn
Hết hạn nhận chào giá
Địa điểm

                Toàn Quốc            
Ngân sách

                600.000đ                            
Hình thức làm việc

                                            Làm tại văn phòng                                                                            
Hình thức trả lương

                                    Trả theo dự án                            

","









                        Bùi Mạnh Dũng                
















Đến từ
Ha Noi
Tham gia
03/05/2020
Đã đăng


                    1                    việc                



","
                Chào giá:                                        
                        4                    
","['/freelancer/duc-pham-anh-1', '/freelancer/luu-manh', '/freelancer/nguyen-dinh-duy-fx00384', '/freelancer/tran-anh-duc']","
                Trung bình:                4 ngày
","

                Thấp nhất:                300.000 VNĐ

|

                Trung bình:                525.000 VNĐ

|

                Cao nhất:                600.000 VNĐ

",https://www.vlance.vn/viec-freelance/lay-thong-tin-cua-cac-video-trong-1-kenh-youtube-mot-so-thong-tin-khong-lay-duoc-theo-api
Nhận chào giá,"
Thiết kế Hệ thống MLM cho website Hết hạn nhận chào giá
","
Dịch vụ cần thuê:


Viết phần mềm theo yêu cầu 

","
Kỹ năng

PHP , 
Bán hàng  ","

Thiết kế website bán hàng 
Xây dựng hệ thống bán hàng đa cấp 
Chia thành 5 cấp độ thành viên 
Các thành viên có thể quản lý tuyến dưới, phần trăm hoa hồng hưởng 
Quản lý đơn hàng, thông tin, doanh thu cá nhân

","

ID dự án
39855
Ngày đăng

                                            02/05/2020, 17:22                                    
Chỉ còn
Hết hạn nhận chào giá
Địa điểm

                Hà Nội            
Ngân sách

                10.000.000đ                            
Hình thức làm việc

                                            Làm tại văn phòng                                                                            
Hình thức trả lương

                                    Trả theo dự án                            

","









                        Vu Cao                
















Đến từ
Ha Noi
Tham gia
02/05/2020
Đã đăng


                    1                    việc                



","
                Chào giá:                                        
                        7                    
","['/freelancer/dung-nakedsnake', '/freelancer/team-solution-software', '/freelancer/nguyen-ut-hien', '/freelancer/phuc-vo-1', '/freelancer/le-quoc-viet-1', '/freelancer/nguyen-quoc-tiec']","
                Trung bình:                10 ngày
","

                Thấp nhất:                9.000.000 VNĐ

|

                Trung bình:                9.666.667 VNĐ

|

                Cao nhất:                10.000.000 VNĐ

",https://www.vlance.vn/viec-freelance/thiet-ke-he-thong-mlm-cho-website
Nhận chào giá,"
Cần gấp single page web app Hết hạn nhận chào giá
","
Dịch vụ cần thuê:


Viết phần mềm theo yêu cầu 

","
Kỹ năng

Javascript , 
responsive , 
design , 
React.js  ","

Tôi muốn tạo một ứng dụng web single page cho phép người dùng mua và bán ngoại hối bằng React.js và Django. 
Xin lưu ý rằng đây không phải là một nền tảng giao dịch thực sự, khi đăng ký người dùng sẽ được cấp 10000 đô la tiền ảo và tất cả các giao dịch chỉ trên máy chủ cục bộ. 
API ngoại hối: 
https://www.alphavantage.co/documentation/ 
Yêu cầu: 
- Xác thực người dùng Django mặc định 
- Trang hồ sơ người dùng hiển thị tên người dùng, giá trị ròng bằng USD, tiền tệ nắm giữ hiện tại, giao dịch trong quá khứ. 
- Trang giao dịch có biểu đồ plotly.js hiển thị giá của một số loại tiền nhất định có thể được chọn từ menu thả xuống. Biểu đồ là chuỗi thời gian của lịch sử tỷ giá hối đoái (với phạm vi thời gian mặc định phù hợp và khả năng thu phóng / trượt). 
- Trang giao dịch cũng cho phép người dùng mua và bán cặp tiền đó, cần đảm bảo số dư là đủ 
- Đồ thị có một số chỉ báo kỹ thuật có thể được hiển thị (mặc định là tắt). API có tính năng này. 3-5 là đủ 
- Đồ thị tự động cập nhật với tần suất hợp lý, tôi nghĩ alphavatange cho phép 60 yêu cầu mỗi phút. 
- Thiết kế chỉ cần sạch sẽ và đáp ứng di động 
- Di chuyển từ chế độ xem này sang chế độ xem khác mà không cần tải lại (có thể là Reacjs hoặc javascript đều ổn) 
Tôi cần việc này được giao vào ngày 4 tháng 5 
I want to make a single page webapp that allow user to buy and sell forex using React.js and Django. 
Please note that this is not a real trading platform, upon registering user will be given 10000$ of virtual money and all of the transactions are on the local server only. 
Forex API: 
https://www.alphavantage.co/documentation/ 
Requirements: 
- Default Django user authentication 
- User profile page that show that person's username, net worth in USD, current holding currency, past transactions. 
- A trading page that feature a plotly.js graph that show the price of certain pairs of currency that can be chosen from dropdown menu. The graph is the time series of exchange rate history(with a appropriate default time range and ability to zoom/slide). 
- Trading page also allow user to buy and sell that pair of currency, need to ensure the balance is sufficient 
- Graph has some technical indicator that can be shown(default to off). The API has this feature. 3-5 is enough 
- Graph automatically update with reasonable frequency, I think alphavatange allow 60 request per min. 
- The design just need to be clean and mobile responsive 
- Moving from one view to another without reloading(can be reactjs or javascript is fine) 
I need this to be done before May 4 Noon.

","

ID dự án
39853
Ngày đăng

                                            02/05/2020, 15:02                                    
Chỉ còn
Hết hạn nhận chào giá
Địa điểm

                Toàn Quốc            
Ngân sách

                1.000.000đ                            
Hình thức làm việc

                                            Làm tại văn phòng                                                                            
Hình thức trả lương

                                    Trả theo dự án                            

","









                        Vu Quach                
















Đến từ
TP. Ho Chi Minh
Tham gia
02/05/2020
Đã đăng


                    1                    việc                



","
                Chào giá:                                        
                        0                    
",[],"
                Trung bình:                0 ngày
","

                Thấp nhất:                0 VNĐ

|

                Trung bình:                0 VNĐ

|

                Cao nhất:                0 VNĐ

",https://www.vlance.vn/viec-freelance/can-gap-single-page-web-app
Nhận chào giá,"
Thiết kế game di động trên hệ điều hàn android Hết hạn nhận chào giá
","
Dịch vụ cần thuê:


Viết game di động 

","
Kỹ năng

Android  ","

Cần tìm nhóm game tư nhân nhỏ làm game. Viết game online trên Android. Mình không phải là người học lập trình hay gì hết. Nhưng mình muốn biến ý tưởng của mình thành game online. 
Ngân sách mình dự định là từ 5.000.000-15.000.000 triệu. Bạn nào có đang rảnh thì hãy liên hệ với mình.sdt [được ẩn bởi vlance] ( Zalo và có thể gọi trực tiếp cho mình).

","

ID dự án
39850
Ngày đăng

                                            02/05/2020, 11:08                                    
Chỉ còn
Hết hạn nhận chào giá
Địa điểm

                Toàn Quốc            
Ngân sách

                15.000.000đ                            
Hình thức làm việc

                                            Làm tại văn phòng                                                                            
Hình thức trả lương

                                    Trả theo dự án                            

","









                        Gạt Đi Quá Khứ                


















Đến từ
Bac Ninh
Tham gia
18/01/2019
Đã đăng


                    1                    việc                



","
                Chào giá:                                        
                        2                    
","['/freelancer/quang-cuong', '/freelancer/nguyen-ut-hien']","
                Trung bình:                9 ngày
","

                Thấp nhất:                10.000.000 VNĐ

|

                Trung bình:                11.500.000 VNĐ

|

                Cao nhất:                13.000.000 VNĐ

",https://www.vlance.vn/viec-freelance/thiet-ke-game-di-dong-tren-he-dieu-han-android
Nhận chào giá,"
FIX tính năng lọc bạn bè trên extension Hết hạn nhận chào giá
","
Dịch vụ cần thuê:


Viết phần mềm theo yêu cầu 

","
Kỹ năng

Javascript  ","

Em có cái extensin trên chrome này: https://chrome.google.com/webstore/detail/hoot/cipkmgkhejgoakjjilpjhnidhaockmbe 
do chrome gần đây cập nhật nên không gửi được request đến các link khác. dẫn đến mấy tính năng không sử dụng được 
Bác nào có kinh nghiệm fix giúp em ạ 
thank các bác đã đọc tin

","

ID dự án
39847
Ngày đăng

                                            01/05/2020, 23:47                                    
Chỉ còn
Hết hạn nhận chào giá
Địa điểm

                Hà Nội            
Ngân sách

                1.000.000đ                                                             - 2.000.000đ                                                
Hình thức làm việc

                                                                Làm online                                                        
Hình thức trả lương

                                    Trả theo dự án                            

","









                        Trần Toản                


















Đến từ
Ha Noi
Tham gia
16/12/2018
Đã đăng


                    18                    việc                



","
                Chào giá:                                        
                        3                    
","['/freelancer/chi-nguyen-77', '/freelancer/cuong-lu-quoc', '/freelancer/tran-anh-duc']","
                Trung bình:                2 ngày
","

                Thấp nhất:                500.000 VNĐ

|

                Trung bình:                1.000.000 VNĐ

|

                Cao nhất:                2.000.000 VNĐ

",https://www.vlance.vn/viec-lam/fix-loi-cors-tren-extension-chrome
Nhận chào giá,"
Thiết kế trang rao vặt thời trang Hết hạn nhận chào giá
","
Dịch vụ cần thuê:


Dựng website bán hàng 

","
Kỹ năng

SEO , 
Bán hàng , 
Hợp đồng , 
Quảng cáo , 
Plugin  ","

Đăng ký thành viên bằng tài khoản facebook/gmail 
- Có ký hiệu “?” để người dùng rê chuột vào sẽ thấy các gợi ý, hướng dẫn khi bắt đầu đăng bài bán hàng, gửi thông tin khiếu nại hay phần giải thích thêm nội dung cho phần mục lục (chợ con), 
- Avatar của thành viên mới mặc định là avatar diễn đàn cho đến khi nhận được 10 lượt Like sẽ có thể tạo chữ ký và thay thế avatar khác, 
- Toàn bộ tone màu chủ đạo của diễn đàn là màu xanh (hình kèm theo) trên nền trắng, 
- Có chức năng giới hạn tin đăng tối đa 3 bài trong một ngày cho 1 tài khoản và kiểm soát được tin đăng rác, tin trùng lặp. Trường hợp thành viên có nhu cầu đăng bài nhiều hơn 3 topic sẽ do admin hoặc mod xét duyệt. 
- Cho phép thành viên click chọn để: theo dõi một tài khoản/bài đăng/tin khuyến mãi, xem lại danh sách bài đăng yêu thích (đã Like hoặc theo dõi) 
- Tạo được link tên ngắn gọn nhằm giúp truy cập nhanh đến trang chủ shop theo cấu trúc: địa chỉ trang website/tên shop. Ví dụ: chof.vn/quanaoxuatkhau 
- Có chức năng tạo bảng thăm dò ý kiến khách hàng khi thành viên có nhu cầu, 
- Có biểu tượng Lượt xem, Lượt thích và Lượt chia sẻ cho mỗi topic đăng tin tức hoặc bài bán hàng, 
- Có trang index cho thành viên (liệt kê bài đăng, nội dung tin đăng, các chức năng liên quan đến thành viên (thay đổi mật khẩu,…) 
- Có chức năng liên hệ thông qua nút truy cập nhanh zalo, message và gọi điện ở mỗi topic đăng tin 
- Có đoạn mã Capcha tại những khu vực cần thiết nhằm hạn chế SPAM 
- Có chức năng lưu tự động mỗi 3 giây khi đăng bài mới phòng trường hợp mất điện hoặc lỡ xoá, 
- Cho phép thành viên thay đổi banner của các topic đăng tin (phần nằm cạnh avatar thành viên), 
- Có hệ thống email tự động cung cấp tính năng gửi email cho người dùng từ website khi quên mật khẩu, đăng ký, nhận bảng tin, thông báo,… 
- Có thông báo Tin nhắn mới/Lượt theo dõi mới/Lượt Like mới/Đăng ký nhận tin khuyến mãi/… sẽ được thể hiện bằng màu đỏ trên avatar của thành viên ngay khi đăng nhập vào đồng thời gửi tin nhắn về email đăng ký, 
- Bài đăng bán hàng trong vòng 1 tháng nếu không có cập nhật nội dung (dấu hiệu nhận biết: không thay đổi hình, không bấm nút sửa bài hoặc không thay đổi 4 hình ở trang ngoài) sẽ được tự động chuyển qua thùng rác hoặc ẩn đi cho đến khi thành viên điều chỉnh, 
- Cho phép thành viên chưa đăng ký vẫn được đăng tin nhưng muốn UP phải đăng ký thành viên 
- Có nút UP cho mỗi bài đăng bán hàng. Nút UP sẽ: 
 + Không có hiệu lực hoặc không hiện ra nút UP với: thành viên đăng bài ngoài khu vực mua bán, người dùng chưa đăng ký thành viên, thành viên chưa hoàn tất Hồ sơ thành viên, thành viên bị Mod đưa vào danh sách vi phạm, thành viên có bài đăng tại khu vực mua bán đã không cập nhật nội dung trong vòng 1 tháng (dựa vào dấu hiệu thành viên đổi 03 hình thu nhỏ) 
 + Có hiệu lực hoặc hiện ra nút UP với: các thành viên không thuộc diện bị ẩn hay nút UP không có hiệu lực 
- Nút UP cho mỗi thành viên đăng bài tại khu vực mua bán được phép up tối đa là 3 lần/ngày 
- Có nút Trả lời nhanh để thành viên trả lời hoặc bình luận nội dung với chủ đề đang xem (để tiện cho người dùng hỏi thăm hoặc trả lời) với vị trí nằm cạnh bên nút UP 
- Cấp độ thành viên: 
- Cấp độ 1 là thành viên mới: người dùng ngay sau khi đăng ký xong, 
- Cấp độ 2 là thành viên tích cực: có 100 bài viết và đạt được 50 lượt Like trở lên 
- Cấp độ 3 là thành viên uy tín: có 200 bài viết và đạt được 100 lượt Like trở lên 
Riêng dấu x (5 sao) do người dùng bình chọn được tính theo dạng trung bình cộng và hiển thị tại nội dung đăng của thành viên 
- Cấp độ cuối cùng là thành viên VIP: dành riêng cho thành viên đăng quảng cáo tại diễn đàn 
- Màu sắc của nick thành viên: admin – đỏ; thành viên có hợp đồng quảng cáo (VIP) – cam; smod và mod – xanh lá; thành viên mới – đen, các thành viên uy tín cấp 2, cấp 3 sẽ có thêm hiệu ứng nổi bật chữ thành viên tích cực và thành viên uy tín; thành viên VIP kèm thêm hiệu ứng nổi bật chữ VIP 
- Khi đăng bài bán hàng mới, thành viên được click chọn ra tối đa 04 hình làm đại diện ở trang ngoài chuyên mục cùng quyền lựa chọn các mục: Có hàng mới về, Có big size, Có giao nhanh trong vòng 12h, Có bán sỉ, Có cho đổi trả, Có thanh toán COD+ (tức là được xem hàng trước khi nhận hàng)…được thể hiện bằng icon rõ ràng, dễ hiểu 
- Phần bình luận có plugin của facebook cho phép các thành viên ko có tài khoản diễn đàn vẫn có thể gửi ý kiến bằng tài khoản facebook và phần bình luận nhanh khi đã đăng ký tài khoản trang 
- Có chế độ không cho hiển thị hoặc ghi vào nội dung bài đăng địa chỉ website, link trang fanpage facebook,… gọi chung là link trừ khi thành viên đó phải là thành viên uy tín được gắn từ 1 sao trở lên, 
- Có chức năng hiện pop-up để admin thông báo đến thành viên 
- Cho phép chủ shop click chọn tham gia vào chợ chuyên đề (chợ Tết, chợ khuyến mãi từ 50% trở lên, chợ chủ đề Trắng và Đen,…) theo chủ đề do admin đề nghị theo một khung thời gian nhất định, nghĩa là khi stick chọn tham gia, bài đăng đó sẽ tự động được hiển thị toàn bộ nội dung và hình ảnh,.. tại khu vực chợ chuyên đề khi đến thời điểm mà admin đã thiết lập, 
- Bộ lọc của khu vực mua bán sẽ theo 02 cấp trong đó: 
- Cấp 1 gồm: Tỉnh/thành, Gía, Xuất xứ, Có khuyến mãi, Bán hàng Video 
- Cấp 2 gồm: nhóm sản phẩm chính được bán ở chợ con. Ví dụ: Trong chợ áo nam, bộ lọc sẽ chỉ có Bộ lọc cấp 1 kèm thêm Bộ lọc cấp 2 là Áo cổ tròn, Áo tay dài, Áo có cổ 
Phần Đăng bài mới trong khu vực mua bán sẽ cho phép điền thông tin vào khu vực Tóm tắt tin đăng (như nhattao.com) gồm các vùng nội dung: 
- Vùng 1 là Thông tin chung gồm: Size, Xuất xứ (được click chọn khi đăng bài gồm: hàng công ty, hàng VNXK,…), Chất liệu,… và mã QRCode là link dẫn đến bài đăng tự động 
- Vùng 2 là Giá bán kèm giá mới khuyến mãi nếu có giảm giá 
- Vùng 3 là Giao hàng - Thanh toán gồm Giao hàng (click chọn khi đăng bài gồm: miễn phí, tính phí,…) và Thanh toán (click chọn khi đăng bài gồm: COD và Tự thỏa thuận), 
- Vùng 4 là Liên hệ và nút UP tin: ghi số điện thoại được ẩn 1 phần tránh spam và liền kề là icon liên hệ bằng Zalo, Messenger và icon Thêm vào Tin yêu thích kèm Địa chỉ (kế bên là icon Bản đồ đường đi) 
4 vùng này được đặt cân đối trên đầu bài đăng sao cho diện tích được tối ưu nhất. 
Bên dưới 4 vùng này là icon: Có hàng mới, Có big size, Có giao nhanh,… (được click chọn khi đăng bài) 
- Góp ý thành viên (hình kèm theo) sẽ làm tương tự như trang nhật tảo, nghĩa là khi người dùng/thành viên click vào nút “báo tin xấu” sẽ tự động được chuyển sang giao diện đăng bài mới để người dùng viết và tiêu đề của bài đăng lúc này mặc định là phản ánh tên một thành viên cụ thể, bên dưới liền kề là tên/link bài đăng của thành viên đó (xem thêm một chủ đề bất kỳ bên nhattao.com) 
- Có module Hỗ trợ trực tuyến giúp người dùng liên hệ trực tiếp với Admin, Smod, Mod, 
- Giao diện diễn đàn cho phép reponsive trên các loại màn hình khác nhau, 
Có phần để thành viên tự thêm tag khi đăng bài ở khu vực bán hàng nhằm tăng cường khả năng seo cho bài viết và diễn đàn 
- Có chức năng zoom hình sản phẩm trong trang nội dung tin đăng 
- Có thể nhúng Video vào để đăng tin rao vặt (đi kèm hình ảnh up lên) 
- Menu chính vẫn được cố định khi người dùng kéo xuống xem nội dung bên dưới 
- Có chức năng tự động hiện Popup chúc mừng sinh nhật thành viên đã đăng ký 
- Có chức năng sao lưu tự động mỗi 3 giây để tránh bị mất bài viết đang tạo chủ đề mới do lỗi đột ngột 
Cuối cùng, có trang quản lý trang rao vặt thật khoa học và đầy đủ để kiểm soát, điều chỉnh các nội dung trên (menu, font chữ, icon, màu nền,…)

","

ID dự án
39846
Ngày đăng

                                            01/05/2020, 16:07                                    
Chỉ còn
Hết hạn nhận chào giá
Địa điểm

                TP. Hồ Chí Minh            
Ngân sách

                30.000.000đ                            
Hình thức làm việc

                                            Làm tại văn phòng                                                                            
Hình thức trả lương

                                    Trả theo dự án                            

","









                        Hồ Hoàng Vũ                





Trưởng phòng












Đến từ
TP. Ho Chi Minh
Tham gia
01/09/2016
Đã đăng


                    4                    việc                



","
                Chào giá:                                        
                        11                    
","['/freelancer/manh-hieu-3', '/freelancer/dong-anh', '/freelancer/van-tam-3', '/freelancer/team-solution-software', '/freelancer/nguyen-van-phuoc-1', '/freelancer/nguyen-ut-hien', '/freelancer/phuc-vo-1', '/freelancer/le-quoc-viet-1', '/freelancer/bang-andre', '/freelancer/zone-9-1', '/freelancer/adward-nguyen-1']","
                Trung bình:                25 ngày
","

                Thấp nhất:                25.000.000 VNĐ

|

                Trung bình:                70.000.000 VNĐ

|

                Cao nhất:                200.000.000 VNĐ

",https://www.vlance.vn/viec-freelance/thiet-ke-trang-rao-vat-thoi-trang
Nhận chào giá,"
Sửa thẻ H1 cho bài viết Hết hạn nhận chào giá
","
Dịch vụ cần thuê:


Tối ưu SEO cho trang web 

","
Kỹ năng

SEO , 
Wordpress  ","

Web mình mới tạo bằng WP xong, nhưng trong các bài viết nó chứa tới 2 thẻ H1. Mình muốn bỏ đi cái thẻ H1 để nó tối ưu SEO cho các bài viết của mình. 
Ngoài ra, các bạn có thể tư vấn thêm để web tối ưu SEO hơn.

","

ID dự án
39844
Ngày đăng

                                            01/05/2020, 14:51                                    
Chỉ còn
Hết hạn nhận chào giá
Địa điểm

                Hà Nội            
Ngân sách

                200.000đ                            
Hình thức làm việc

                                            Làm tại văn phòng                                                                            
Hình thức trả lương

                                    Trả theo dự án                            

","









                        Trương Đình Nam                
















Đến từ
Ha Noi
Tham gia
26/02/2020
Đã đăng


                    1                    việc                



","
                Chào giá:                                        
                        3                    
","['/freelancer/dong-anh', '/freelancer/hung-dt-1', '/freelancer/vinh-nguyen-23']","
                Trung bình:                2 ngày
","

                Thấp nhất:                100.000 VNĐ

|

                Trung bình:                150.000 VNĐ

|

                Cao nhất:                200.000 VNĐ

",https://www.vlance.vn/viec-freelance/sua-the-h1-cho-bai-viet
Nhận chào giá,"
Phát triển tính năng website với code có sẵn Hết hạn nhận chào giá
","
Dịch vụ cần thuê:


Viết phần mềm theo yêu cầu 

","
Kỹ năng

Javascript , 
JSON , 
ASP.NET , 
code  ","

Cần phát triển thêm tính năng cho website, ngôn ngữ .net 
Trao đổi chi tiết thêm khi làm việc. 
Vì công việc tiếp tục phát triển code có sẵn nên cần bạn nào có nhiều kinh nghiệm trong .net: C#, JSON javascript and API.

","

ID dự án
39843
Ngày đăng

                                            01/05/2020, 12:00                                    
Chỉ còn
Hết hạn nhận chào giá
Địa điểm

                TP. Hồ Chí Minh            
Ngân sách

                5.000.000đ                            
Hình thức làm việc

                                            Làm tại văn phòng                                                                            
Hình thức trả lương

                                    Trả theo dự án                            

","









                        Nguyen Vu                
















Đến từ
TP. Ho Chi Minh
Tham gia
06/12/2013
Đã đăng


                    2                    việc                



","
                Chào giá:                                        
                        12                    
","['/freelancer/le-tuan-tu-2', '/freelancer/van-khoi', '/freelancer/long-nguyen-222', '/freelancer/quang-cuong', '/freelancer/team-solution-software', '/freelancer/thanh-vu-van-3', '/freelancer/duc-chinh-vu', '/freelancer/nguyen-trong-hien', '/freelancer/zone-9-1', '/freelancer/nguyen-duc-ngoc-hoang', '/freelancer/nguyen-quoc-tiec', '/freelancer/adward-nguyen-1']","
                Trung bình:                7 ngày
","

                Thấp nhất:                3.000.000 VNĐ

|

                Trung bình:                4.750.000 VNĐ

|

                Cao nhất:                5.000.000 VNĐ

",https://www.vlance.vn/viec-freelance/phat-trien-tinh-nang-website-voi-code-co-san
Nhận chào giá,"
Lập trình website theo giao diện có sẵn (wordpress) Hết hạn nhận chào giá
","
Dịch vụ cần thuê:


Chuyển Template thành Website 

","
Kỹ năng

SEO , 
Wordpress  ","

- Thiết kế website theo giao diện có sẵn (wordpress). 
- Chuẩn seo google với giao diện PC và mobile. 
- Web doanh nghiệp gồm danh mục sản phẩm và tin tức. 
- Giao diện giống web này: https://umac.com.vn/ 
Rất vui được hợp tác.

","

ID dự án
39842
Ngày đăng

                                            01/05/2020, 10:35                                    
Chỉ còn
Hết hạn nhận chào giá
Địa điểm

                Hà Nội            
Ngân sách

                3.000.000đ                            
Hình thức làm việc

                                            Làm tại văn phòng                                                                            
Hình thức trả lương

                                    Trả theo dự án                            

","









                        Richmani                


















Đến từ
Ha Noi
Tham gia
22/11/2017
Đã đăng


                    17                    việc                



","
                Chào giá:                                        
                        10                    
","['/freelancer/dong-anh', '/freelancer/minh-nguyen-227', '/freelancer/tung-pham-anh', '/freelancer/nguyen-van-phuoc-1', '/freelancer/tran-van-thang-15', '/freelancer/allara', '/freelancer/dung-nakedsnake', '/freelancer/vinh-nguyen-23', '/freelancer/tuan-thanh-19', '/freelancer/le-quoc-viet-1']","
                Trung bình:                7 ngày
","

                Thấp nhất:                3.000.000 VNĐ

|

                Trung bình:                3.683.333 VNĐ

|

                Cao nhất:                5.000.000 VNĐ

",https://www.vlance.vn/viec-freelance/lap-trinh-website-theo-giao-dien-co-san-wordpress
Nhận chào giá,"
Thuê Viết Website Tự Copy bài viết Hết hạn nhận chào giá
","
Dịch vụ cần thuê:


Viết phần mềm theo yêu cầu 

","
Kỹ năng

PHP , 
Wordpress , 
Tiếng Việt , 
Thiết kế  ","

Mình cần thuê 1 bạn viết website tương tự https://vietjack.com/. 
Ví dụ trang https://vietjack.com/: Tự copy bài viết từ https://www.tutorialspoint.com sau đó translate sang tiếng việt https://vietjack.com/. 
Nếu lập trình được bằng wordpress thì càng tốt. hoặc không thì bất kì ngôn ngữ nào. Miễn sao càng đơn giản càng tốt :D

","

ID dự án
39840
Ngày đăng

                                            01/05/2020, 07:21                                    
Chỉ còn
Hết hạn nhận chào giá
Địa điểm

                Toàn Quốc            
Ngân sách

                10.000.000đ                            
Hình thức làm việc

                                            Làm tại văn phòng                                                                            
Hình thức trả lương

                                    Trả theo dự án                            

","









                        Hoàng Kim Ngân                
















Đến từ
Toàn quốc
Tham gia
01/05/2020
Đã đăng


                    1                    việc                



","
                Chào giá:                                        
                        4                    
","['/freelancer/phuc-vo-1', '/freelancer/le-quoc-viet-1', '/freelancer/nguyen-trong-hien', '/freelancer/smith-adam']","
                Trung bình:                7 ngày
","

                Thấp nhất:                8.000.000 VNĐ

|

                Trung bình:                9.125.000 VNĐ

|

                Cao nhất:                10.000.000 VNĐ

",https://www.vlance.vn/viec-freelance/thue-viet-website-tu-copy-bai-viet
Nhận chào giá,"
Nhập dư liệu Hết hạn nhận chào giá
","
Dịch vụ cần thuê:


Nhập dữ liệu lên website 

","
Kỹ năng

Nhập dữ liệu  ","

Đang có 1 website xem phim cần người tìm phim theo list sẵn có, up lên drive rồi nhập thông tin lên web. Gần 2000 bộ. Chi tiết sẽ được hướng dẫn thêm, không cần quá nhiều kĩ năng, chỉ cần tốc độ internet cao và sự kiên nhẫn.

","

ID dự án
39839
Ngày đăng

                                            01/05/2020, 01:52                                    
Chỉ còn
Hết hạn nhận chào giá
Địa điểm

                Toàn Quốc            
Ngân sách

                400.000đ                            
Hình thức làm việc

                                            Làm tại văn phòng                                                                            
Hình thức trả lương

                                    Trả theo dự án                            

","









                        Cao Nam Cường                





Sinh viên marketing












Đến từ
Ha Noi
Tham gia
01/05/2020
Đã đăng


                    1                    việc                



","
                Chào giá:                                        
                        5                    
","['/freelancer/dong-anh', '/freelancer/duc-pham-anh-1', '/freelancer/khai-nguyen-37', '/freelancer/vinh-nguyen-23', '/freelancer/tuan-thanh-19']","
                Trung bình:                10 ngày
","

                Thấp nhất:                50.000 VNĐ

|

                Trung bình:                310.000 VNĐ

|

                Cao nhất:                500.000 VNĐ

",https://www.vlance.vn/viec-freelance/nhap-du-lieu-10
Nhận chào giá,"
Phát triển Restful API cho web, app Hết hạn nhận chào giá
","
Dịch vụ cần thuê:


Viết phần mềm theo yêu cầu 

","
Kỹ năng

MySQL , 
PHP , 
Laravel  ","

Tìm kiếm anh em PHP Laravel. 
Làm việc REMOTE FULLTIME tại Hà Nội. 
--------------- 
Nội dung công việc: 
Phát triển, xây dựng các dự án sử dụng ngôn ngữ lập trình PHP sử dụng Framework PHP Laravel với CSDL MySQL. 
Tham gia nghiên cứu và phát triển tính năng mới cho sản phẩm 
Phối hợp chặt chẽ với nhóm lập trình để công việc hoàn thành đúng thời hạn theo yêu cầu dự án. 
Yêu cầu bắt buộc: 
Có kinh nghiệm về PHP Laravel, MySQL. 
Thành thạo các công cụ quản lý mã nguồn: GIT. 
Biết tối ưu query. 
Đảm bảo tiến độ công việc. 
Nghiêm túc, trách nhiệm, nhiệt tình. 
Chịu sự quản lý của PM, TechLead của dự án. 
Lương thưởng: 
Upto 12M 
Thưởng theo từng đợt phase dự án sang khách hàng. Xong sớm thưởng sớm. 
Thông tin thêm: 
Làm thời vụ khoảng 3 - 5 tháng. Nếu làm tốt sẽ cân nhắc tiếp tục đi cùng anh em. 
Ký hợp đồng lao động thời vụ để ràng buộc trách nhiệm pháp lý với nhau đảm bảo tiến độ công việc với khách hàng. 
Thuế thu nhập cá nhân anh em tự đóng nhé. 
Daily Report hàng ngày, meeting minutes mỗi tuần. 
Liên hệ công việc: 
Inbox trực tiếp.

","

ID dự án
39837
Ngày đăng

                                            01/05/2020, 00:01                                    
Chỉ còn
Hết hạn nhận chào giá
Địa điểm

                Hà Nội            
Ngân sách

                12.000.000đ                            
Hình thức làm việc

                                            Làm tại văn phòng                                                                            
Hình thức trả lương

                                    Trả theo dự án                            

","









                        Nguyễn Đức Thắng                



BA/PM












Đến từ
Ha Noi
Tham gia
28/07/2018
Đã đăng


                    1                    việc                



","
                Chào giá:                                        
                        1                    
",[],"
                Trung bình:                0 ngày
","

                Thấp nhất:                0 VNĐ

|

                Trung bình:                0 VNĐ

|

                Cao nhất:                0 VNĐ

",https://www.vlance.vn/viec-freelance/phat-trien-restful-api-cho-web-app
Nhận chào giá,"
Cần người up phim lên drive rồi nhập lên website Hết hạn nhận chào giá
","
Dịch vụ cần thuê:


Nhập dữ liệu lên website 

",,"

Đang có 1 website xem phim cần người tìm phim theo list sẵn có, up lên drive rồi nhập thông tin lên web. Gần 2000 bộ. Chi tiết sẽ được hướng dẫn thêm, không cần quá nhiều kĩ năng, chỉ cần tốc độ internet cao và sự kiên nhẫn. Giá trên chỉ mang tính chất tượng trưng, có thể thương lượng.

","

ID dự án
39836
Ngày đăng

                                            30/04/2020, 23:44                                    
Chỉ còn
Hết hạn nhận chào giá
Địa điểm

                Toàn Quốc            
Ngân sách

                500.000đ                            
Hình thức làm việc

                                            Làm tại văn phòng                                                                            
Hình thức trả lương

                                    Trả theo dự án                            

","









                        Hieu Le                
















Đến từ
Ha Noi
Tham gia
30/04/2020
Đã đăng


                    4                    việc                



","
                Chào giá:                                        
                        3                    
","['/freelancer/tran-van-thang-15', '/freelancer/vinh-nguyen-23', '/freelancer/thuong-hoai-14']","
                Trung bình:                2 ngày
","

                Thấp nhất:                50.000 VNĐ

|

                Trung bình:                350.000 VNĐ

|

                Cao nhất:                500.000 VNĐ

",https://www.vlance.vn/viec-freelance/can-nguoi-up-phim-len-drive-roi-nhap-len-website
Nhận chào giá,"
Thiết kế trang web đăng tin bất động sản cho nhiều thành viên Hết hạn nhận chào giá
","
Dịch vụ cần thuê:


Viết phần mềm theo yêu cầu 

","
Kỹ năng

Bất động sản , 
Thiết kế trang web  ","

Cần thiết kế trang web cho các thành viên đã đăng ký được đăng tin cho thuê nhà đất, yêu cầu tốc độ load nhanh, xử lý hình ảnh bất động sản đưa lên trang đồng bộ, nhanh; có thể tích hợp với app trên mobile; hệ thống quản trị tin, thành viên linh hoạt, hiệu quả, bảo mật thông tin cao.

","

ID dự án
39834
Ngày đăng

                                            30/04/2020, 21:33                                    
Chỉ còn
Hết hạn nhận chào giá
Địa điểm

                Hà Nội            
Ngân sách

                20.000.000đ                            
Hình thức làm việc

                                            Làm tại văn phòng                                                                            
Hình thức trả lương

                                    Trả theo dự án                            

","









                        Nha Dat                
















Đến từ
Toàn quốc
Tham gia
30/04/2020
Đã đăng


                    1                    việc                



","
                Chào giá:                                        
                        14                    
","['/freelancer/dung-nakedsnake', '/freelancer/dong-anh', '/freelancer/tran-van-tuan-11', '/freelancer/phuc-vo-1', '/freelancer/allara', '/freelancer/nguyen-hoang-tung-1', '/freelancer/le-quoc-viet-1', '/freelancer/le-dinh-ky', '/freelancer/ngo-xuan-minh-1', '/freelancer/tuan-thanh-19', '/freelancer/smith-adam', '/freelancer/adward-nguyen-1', '/freelancer/nguyen-quoc-tiec', '/freelancer/thanh-vu-van-3']","
                Trung bình:                15 ngày
","

                Thấp nhất:                18.000.000 VNĐ

|

                Trung bình:                38.285.714 VNĐ

|

                Cao nhất:                200.000.000 VNĐ

",https://www.vlance.vn/viec-freelance/thiet-ke-trang-web-dang-tin-bat-dong-san-cho-nhieu-thanh-vien
Nhận chào giá,"
Xây dựng hệ thống số hóa bản đồ (GIS) Hết hạn nhận chào giá
","
Dịch vụ cần thuê:


Viết phần mềm theo yêu cầu 

","
Kỹ năng

AngularJS , 
React.js  ","

Các bạn Freelancer thân mến, 
HIện tôi đang cần tìm freelancers có các yêu cầu sau : 
- Biết lập trình ngôn ngữ reactjs hoặc angular 
- Có kinh nghiệm làm số hóa bản đồ, GIS server. 
Công việc cụ thể sẽ trao đổi sau khi gặp mặt. 
Thân ái,

","

ID dự án
39830
Ngày đăng

                                            30/04/2020, 15:02                                    
Chỉ còn
Hết hạn nhận chào giá
Địa điểm

                TP. Hồ Chí Minh            
Ngân sách

                100.000.000đ                            
Hình thức làm việc

                                            Làm tại văn phòng                                                                            
Hình thức trả lương

                                    Trả theo dự án                            

","









                        CTThienLong                





HR












Đến từ
TP. Ho Chi Minh
Tham gia
29/07/2019
Đã đăng


                    7                    việc                



","
                Chào giá:                                        
                        3                    
","['/freelancer/mai-thuan-thao', '/freelancer/nguyen-nhu-hai', '/freelancer/adward-nguyen-1']","
                Trung bình:                16 ngày
","

                Thấp nhất:                100.000.000 VNĐ

|

                Trung bình:                100.000.000 VNĐ

|

                Cao nhất:                100.000.000 VNĐ

",https://www.vlance.vn/viec-freelance/xay-dung-he-thong-so-hoa-ban-do-gis
Nhận chào giá,"
Chuyên Viên Quản Trị Website Hết hạn nhận chào giá
","
Dịch vụ cần thuê:


Test và kiểm tra lỗi 

",,"

Mô tả công việc 
- Quản trị website, server, hệ thống mạng, data center, xử lý các sự cố về mạng, hệ thống máy tính, hỗ trợ các bộ phận trong công ty hoạt động hiệu quả 
- Quản lý các thiết bị công nghệ thông tin 
- Lên kế hoạch bảo trì, nâng cấp hệ thống thiết bị theo định kỳ 
- Đề xuất các phương án bảo trì, nâng cấp hệ thống, thay đổi dịch vụ theo yêu cầu phát triển của công ty 
- Hỗ trợ hành chính quản lý, bảo trì, thay thế tài sản thiết bị văn phòng 
- Thực hiện một số công việc theo yêu cầu Trưởng phòng và Ban Giám đốc. 
Yêu cầu công việc 
- Tốt nghiệp từ cao đẳng trở lên thuộc chuyên ngành CNTT 
- Có hiểu biết về ngôn ngữ lập trình PHP, S.E.O, quản trị web, sử dụng thành thạo Google ( Adword, Analytic,…) 
- Có kinh nghiệm về quản trị mạng, quản trị hệ thống server, phần cứng máy tính 
- Có trách nhiệm với công việc, làm việc nghiêm túc, nhanh nhẹn, nhiệt tình 
- Ưu tiên ứng viên đã có kinh nghiệm quản trị website, biết ngôn ngữ lập trình website (HTML, PHP, CSS…), hiểu biết & quản tri server

","

ID dự án
39828
Ngày đăng

                                            30/04/2020, 10:45                                    
Chỉ còn
Hết hạn nhận chào giá
Địa điểm

                TP. Hồ Chí Minh            
Ngân sách

                3.000.000đ                                                             - 15.000.000đ                                                
Hình thức làm việc

                                            Làm tại văn phòng                                                                            
Hình thức trả lương

                                    Trả theo dự án                            

","









                        Nhân Văn                
















Đến từ
TP. Ho Chi Minh
Tham gia
28/04/2020
Đã đăng


                    2                    việc                



","
                Chào giá:                                        
                        4                    
","['/freelancer/van-phong-ha', '/freelancer/nguyen-gia-linh-3', '/freelancer/nguyen-van-thiet-5', '/freelancer/thanh-vu-van-3']","
                Trung bình:                10 ngày
","

                Thấp nhất:                15.000.000 VNĐ

|

                Trung bình:                16.250.000 VNĐ

|

                Cao nhất:                30.000.000 VNĐ

",https://www.vlance.vn/viec-lam/chuyen-vien-quan-tri-website
Nhận chào giá,"
Viết một phần mềm nhỏ crawl một trang web Hết hạn nhận chào giá

","
Dịch vụ cần thuê:


Viết phần mềm theo yêu cầu 

","
Kỹ năng

Java , 
Python  ","

Mình cần viết một phần mềm nhỏ để crawl một trang web cũng không quá 
nhiều sẽ nói khi bạn nhận dư án có thể viết bằng python, js, java tùy ngôn ngữ. 
sau đó output ra file excel. Trao đổi thêm qua skype hoặc zalo

","

ID dự án
39827
Ngày đăng

                                            30/04/2020, 09:34                                    
Chỉ còn
Hết hạn nhận chào giá
Địa điểm

                Toàn Quốc            
Ngân sách

                4.000.000đ                            
Hình thức làm việc

                                            Làm tại văn phòng                                                                            
Hình thức trả lương

                                    Trả theo dự án                            

","









                        Le Cuong                





Student












Đến từ
TP. Ho Chi Minh
Tham gia
12/11/2016
Đã đăng


                    12                    việc                



","
                Chào giá:                                        
                        6                    
","['/freelancer/cuong-lu-quoc', '/freelancer/cuong-nguyen-69', '/freelancer/dam-manh-hung', '/freelancer/danh-do']","
                Trung bình:                5 ngày
","

                Thấp nhất:                2.000.000 VNĐ

|

                Trung bình:                3.500.000 VNĐ

|

                Cao nhất:                4.000.000 VNĐ

",https://www.vlance.vn/viec-freelance/viet-mot-phan-mem-nho-crawl-mot-trang-web
Nhận chào giá,"
Cần resign file ipa với chứng chỉ enterprise của apple Hết hạn nhận chào giá
","
Dịch vụ cần thuê:


Làm Mobile App theo yêu cầu 

",,"

Mình cần bạn nào đang làm dev cho công ty resign 1 file ipa bằng chứng chỉ enterprise của apple. Hoặc có tài khoản cho mình thuê để resign 1 ứng dụng 
Bạn nào có liên hệ lại mình. 
Chân thành cảm ơn! 
................................

","

ID dự án
39826
Ngày đăng

                                            30/04/2020, 09:19                                    
Chỉ còn
Hết hạn nhận chào giá
Địa điểm

                Toàn Quốc            
Ngân sách

                10.000.000đ                            
Hình thức làm việc

                                            Làm tại văn phòng                                                                            
Hình thức trả lương

                                    Trả theo dự án                            

","









                        Long huỳnh                
















Đến từ
Toàn quốc
Tham gia
30/04/2020
Đã đăng


                    1                    việc                



","
                Chào giá:                                        
                        0                    
",[],"
                Trung bình:                0 ngày
","

                Thấp nhất:                0 VNĐ

|

                Trung bình:                0 VNĐ

|

                Cao nhất:                0 VNĐ

",https://www.vlance.vn/viec-freelance/can-resign-file-ipa-voi-chung-chi-enterprise-cua-apple
Nhận chào giá,"
Nâng cấp website (CS-Cart) từ 2.0 lên 4.11 Hết hạn nhận chào giá
","
Dịch vụ cần thuê:


Dựng website bán hàng 

","
Kỹ năng

PHP , 
CS-Cart  ","

Nội dung công việc: 
- Website đang chạy CS-Cart version 2.0. 
- Website được host on-premise. 
- Cần nâng cấp lên CS-Cart version 4.11. 
- Đảm bảo toàn vẹn dữ liệu (thông tin khách hàng, đơn hàng, sản phẩm, ...). 
- Hướng dẫn sử dụng website và bàn giao những tài liệu liên quan sau khi hoàn tất dự án. 
Yêu cầu: có kinh nghiệm làm việc trong các dự án website trên nền tảng CS-Cart.

","

ID dự án
39823
Ngày đăng

                                            29/04/2020, 16:34                                    
Chỉ còn
Hết hạn nhận chào giá
Địa điểm

                TP. Hồ Chí Minh            
Ngân sách

                35.000.000đ                            
Hình thức làm việc

                                            Làm tại văn phòng                                                                            
Hình thức trả lương

                                    Trả theo dự án                            

","









                        Đẩu Lê                


















Đến từ
TP. Ho Chi Minh
Tham gia
20/12/2019
Đã đăng


                    3                    việc                



","
                Chào giá:                                        
                        2                    
","['/freelancer/nguyen-an-98', '/freelancer/tuan-thanh-19']","
                Trung bình:                6 ngày
","

                Thấp nhất:                30.000.000 VNĐ

|

                Trung bình:                32.500.000 VNĐ

|

                Cao nhất:                35.000.000 VNĐ

",https://www.vlance.vn/viec-freelance/nang-cap-website-cs-cart-tu-2-0-len-4-11
Secret project,,,,,,,,,,,https://www.vlance.vn/viec-freelance/viet-frontend-app-chay-tren-dien-thoai-di-dong-iphone
Nhận chào giá,"
Coder hệ thống chỉ báo forex theo yêu cầu Hết hạn nhận chào giá
","
Dịch vụ cần thuê:


Viết phần mềm theo yêu cầu 

","
Kỹ năng

Youtube  ","

Xin chào Lancer! 
Tôi cần thuê một nhà phát triển để viết một chỉ báo xu hướng Bao gồm 2 chỉ báo 
Chỉ báo trên vùng biểu đồ nến bao gồm mũi tên xu hướng chỉ báo, chỉ báo liên tục có màu xanh lá cây, nếu đó là một xu hướng tăng và lực hướng xuống của nến là màu đỏ. Bất cứ khi nào xu hướng mới xuất hiện, mũi tên chỉ báo sẽ xuất hiện ngay lập tức. kịp thời và không vẽ lại 
Phần thứ hai: là bảng tín hiệu xu hướng theo cột 
Video1: https: //www.youtube.com/watch? V = B0oEQ94bwkA 
Video 2: https: //www.youtube.com/watch? V = KfH5fwhwYaU 
Tôi gửi video demo đính kèm để tham khảo 
cảm ơn

","

ID dự án
39813
Ngày đăng

                                            29/04/2020, 10:39                                    
Chỉ còn
Hết hạn nhận chào giá
Địa điểm

                Toàn Quốc            
Ngân sách

                5.000.000đ                            
Hình thức làm việc

                                            Làm tại văn phòng                                                                            
Hình thức trả lương

                                    Trả theo dự án                            

","









                        Harry Chung                
















Đến từ
Ha Noi
Tham gia
07/04/2020
Đã đăng


                    3                    việc                



","
                Chào giá:                                        
                        2                    
","['/freelancer/nguyen-van-ngoc-minh', '/freelancer/tuan-thanh-19']","
                Trung bình:                9 ngày
","

                Thấp nhất:                5.000.000 VNĐ

|

                Trung bình:                6.500.000 VNĐ

|

                Cao nhất:                8.000.000 VNĐ

",https://www.vlance.vn/viec-freelance/coder-he-thong-chi-bao-forex-theo-yeu-cau-1
Nhận chào giá,"
Viết phần website using .net core and angular Hết hạn nhận chào giá
","
Dịch vụ cần thuê:


Viết phần mềm theo yêu cầu 

","
Kỹ năng

Testing  ","

Viết trang website công ty dùng, không phải online order. 
Có viết documentation cho website va cả testing. 
Similar to agile project software, nhưng đơn giản hơn 
Moi thứ ok, mình se tuyển dung dài han.

","

ID dự án
39812
Ngày đăng

                                            29/04/2020, 09:53                                    
Chỉ còn
Hết hạn nhận chào giá
Địa điểm

                Toàn Quốc            
Ngân sách

                1.600.000đ                            
Hình thức làm việc

                                            Làm tại văn phòng                                                                            
Hình thức trả lương

                                    Trả theo dự án                            

","









                        Duy Hung                
















Đến từ
Toàn quốc
Tham gia
28/04/2020
Đã đăng


                    1                    việc                



","
                Chào giá:                                        
                        2                    
","['/freelancer/nguyen-quoc-tiec', '/freelancer/smith-adam']","
                Trung bình:                3 ngày
","

                Thấp nhất:                5.000.000 VNĐ

|

                Trung bình:                5.100.000 VNĐ

|

                Cao nhất:                5.200.000 VNĐ

",https://www.vlance.vn/viec-freelance/viet-phan-website-using-net-core-and-angular
Nhận chào giá,"
Customize lại ứng dụng chat được viết bằng Nodejs, flutter, MongoDB Hết hạn nhận chào giá
","
Dịch vụ cần thuê:


Làm Mobile App theo yêu cầu 

","
Kỹ năng

MongoDB , 
Node.js , 
Mạng xã hội  ","

a) Đăng nhập hệ thống bằng tài khoản mạng xã hội( facebook, google, twitter…) 
b) Hệ thống có tính năng chat riêng, chat nhóm 
c) Gửi file âm thanh, hình ảnh, file văn bản, emotion qua chat. 
d) Tính năng voice call, video call 
e) Tính năng checkin giờ làm và checkout giờ về 
f) Gửi thông báo tới các thành viên 
g) Lên lịch thăm hỏi. báo cáo kết quả thăm hỏi.

","

ID dự án
39810
Ngày đăng

                                            29/04/2020, 08:15                                    
Chỉ còn
Hết hạn nhận chào giá
Địa điểm

                Toàn Quốc            
Ngân sách

                15.000.000đ                            
Hình thức làm việc

                                            Làm tại văn phòng                                                                            
Hình thức trả lương

                                    Trả theo dự án                            

","









                        Ngọc Long                



nhân viên lập trình












Đến từ
Ha Noi
Tham gia
18/02/2017
Đã đăng


                    2                    việc                



","
                Chào giá:                                        
                        5                    
","['/freelancer/tran-van-tuan-11', '/freelancer/nguyen-van-phuoc-1', '/freelancer/victo-nguyen', '/freelancer/van-tuan-pham', '/freelancer/vuong-sy-hai-son']","
                Trung bình:                21 ngày
","

                Thấp nhất:                15.000.000 VNĐ

|

                Trung bình:                29.000.000 VNĐ

|

                Cao nhất:                70.000.000 VNĐ

",https://www.vlance.vn/viec-freelance/customize-lai-ung-dung-chat-duoc-viet-bang-nodejs-flutter-mongodb
Nhận chào giá,"
Tuyển free lancer BIZTALK Hết hạn nhận chào giá
","
Dịch vụ cần thuê:


Viết phần mềm theo yêu cầu 

","
Kỹ năng

code  ","

Tuyển CTV Trưởng nhóm Biztalk, yêu cầu (Tuyển free lancer BIZTALK): 
- Có kn triển khai Sản phẩm/ Giải pháp Biztalk 
- Có khả năng Code, config trên nền tảng Biztalk 
- Có khả năng đọc hiểu công nghệ, quản trị, trao đổi tương tác với Team dự án 
- Ưu tiên: Có kỹ năng mềm, kỹ năng quản lý tốt, làm việc nhiệt tình, tâm huyết và trách nhiệm với công việc được giao 
[được ẩn bởi vlance]

","

ID dự án
39807
Ngày đăng

                                            29/04/2020, 06:47                                    
Chỉ còn
Hết hạn nhận chào giá
Địa điểm

                Hà Nội            
Ngân sách

                30.000.000đ                                                             - 80.000.000đ                                                
Hình thức làm việc

                                            Làm tại văn phòng                                                                            
Hình thức trả lương

                                    Trả theo dự án                            

","









                        Hoa Ngoc                





HR Manager












Đến từ
Ha Noi
Tham gia
08/01/2018
Đã đăng


                    48                    việc                



","
                Chào giá:                                        
                        0                    
",[],"
                Trung bình:                0 ngày
","

                Thấp nhất:                0 VNĐ

|

                Trung bình:                0 VNĐ

|

                Cao nhất:                0 VNĐ

",https://www.vlance.vn/viec-lam/tuyen-free-lancer-biztalk
Nhận chào giá,"
Dựng phần mềm trên mã nguồn mở Java (Việc làm ngay) Hết hạn nhận chào giá
","
Dịch vụ cần thuê:


Viết phần mềm theo yêu cầu 

","
Kỹ năng

Java  ","

Chúng tôi đang cần gấp cho dự án cần dựng setup phần mềm trên mã nguồn mở Java, Chuyển đổi ngôn ngữ, chỉnh sửa giao diện. Phần mềm cần setup từ đầu, có tài liệu tham khảo, có chuyên gia hướng dẫn. Bạn chịu khó, trung thực, nhiệt tình sẽ đi cùng dự án.

","

ID dự án
39806
Ngày đăng

                                            29/04/2020, 01:29                                    
Chỉ còn
Hết hạn nhận chào giá
Địa điểm

                Toàn Quốc            
Ngân sách

                10.000.000đ                            
Hình thức làm việc

                                            Làm tại văn phòng                                                                            
Hình thức trả lương

                                    Trả theo dự án                            

","









                        Nguyễn Tùng Lâm                
















Đến từ
Toàn quốc
Tham gia
29/04/2020
Đã đăng


                    1                    việc                



","
                Chào giá:                                        
                        2                    
","['/freelancer/cuong-lu-quoc', '/freelancer/dang-hoang-thanh-mai']","
                Trung bình:                26 ngày
","

                Thấp nhất:                10.000.000 VNĐ

|

                Trung bình:                10.000.000 VNĐ

|

                Cao nhất:                10.000.000 VNĐ

",https://www.vlance.vn/viec-freelance/dung-phan-mem-tren-ma-nguon-mo-java-viec-lam-ngay
Nhận chào giá,"
Phát triển ứng dụng di động Hết hạn nhận chào giá
","
Dịch vụ cần thuê:


Làm Mobile App theo yêu cầu 

",,"

Hiện tại tôi đang phát triển ứng dụng về giáo dục trong đó gồm các hướng dẫn trò chơi cho phụ huynh và em nhỏ. Bây giờ tôi muốn phát triển thêm tính năng update dữ liệu cho app khi mà thông tin trên server được thay đổi thông tin.

","

ID dự án
39803
Ngày đăng

                                            28/04/2020, 20:03                                    
Chỉ còn
Hết hạn nhận chào giá
Địa điểm

                Hà Nội            
Ngân sách

                1.000.000đ                            
Hình thức làm việc

                                            Làm tại văn phòng                                                                            
Hình thức trả lương

                                    Trả theo dự án                            

","









                        Kaity.beti                
















Đến từ
Ha Noi
Tham gia
12/06/2017
Đã đăng


                    4                    việc                



","
                Chào giá:                                        
                        4                    
","['/freelancer/doan-van-loi', '/freelancer/dam-manh-hung', '/freelancer/zone-9-1', '/freelancer/hoang-trong-trung']","
                Trung bình:                7 ngày
","

                Thấp nhất:                1.000.000 VNĐ

|

                Trung bình:                2.125.000 VNĐ

|

                Cao nhất:                5.000.000 VNĐ

",https://www.vlance.vn/viec-freelance/phat-trien-ung-dung-di-dong
Secret project,,,,,,,,,,,https://www.vlance.vn/viec-freelance/01-junior-php-developer
Nhận chào giá,"
VIẾT PHẦN MỀM SPIN CONTENT RẤT ĐƠN GIẢN Hết hạn nhận chào giá

","
Dịch vụ cần thuê:


Viết phần mềm theo yêu cầu 

","
Kỹ năng

PHP , 
code  ","

Tôi cần viết 1 phần mềm spin content theo nội dung đầu vào người dùng nhập vào và spin theo công thức sẵn có. 
- Code trên nền tảng web 
- Có hệ thống thanh toán với nganluong.vn để người dùng mua 
- Code dạng plugins trên wp cũng được chấp nhận

","

ID dự án
39735
Ngày đăng

                                            24/04/2020, 14:42                                    
Chỉ còn
Hết hạn nhận chào giá
Địa điểm

                Toàn Quốc            
Ngân sách

                5.000.000đ                            
Hình thức làm việc

                                            Làm tại văn phòng                                                                            
Hình thức trả lương

                                    Trả theo dự án                            

","









                        NGUYỄN TIẾN TRƯỜNG                





CEO












Đến từ
Ha Noi
Tham gia
03/12/2018
Đã đăng


                    23                    việc                



","
                Chào giá:                                        
                        4                    
","['/freelancer/le-quoc-viet-1', '/freelancer/nguyen-ut-hien', '/freelancer/phuc-vo-1', '/freelancer/tuan-thanh-19']","
                Trung bình:                7 ngày
","

                Thấp nhất:                4.000.000 VNĐ

|

                Trung bình:                4.500.000 VNĐ

|

                Cao nhất:                5.000.000 VNĐ

",https://www.vlance.vn/viec-freelance/viet-phan-mem-spin-content-rat-don-gian
Nhận chào giá,"
Chuyên viên lập trình web Hết hạn nhận chào giá
","
Dịch vụ cần thuê:


Test và kiểm tra lỗi 

","
Kỹ năng

Lập trình web , 
Phân tích , 
CS-Cart  ","

- Lên ý tưởng, phát triển các tính năng về web 
- Check lỗi web, khắc phục lỗ hỏng và hoàn thiện các tính năng của web 
- Phối hợp với bộ phận thiết kế để tối ưu hóa giao diện web 
- Phối hợp với bộ phận kinh doanh để phân tích và bóc tách các chức năng theo yêu cầu của từng dự án

","

ID dự án
39800
Ngày đăng

                                            28/04/2020, 16:02                                    
Chỉ còn
Hết hạn nhận chào giá
Địa điểm

                TP. Hồ Chí Minh            
Ngân sách

                3.000.000đ                                                             - 10.000.000đ                                                
Hình thức làm việc

                                            Làm tại văn phòng                                                                            
Hình thức trả lương

                                    Trả theo dự án                            

","









                        Nhân Văn                
















Đến từ
TP. Ho Chi Minh
Tham gia
28/04/2020
Đã đăng


                    2                    việc                



","
                Chào giá:                                        
                        7                    
","['/freelancer/nguyen-huu-ngoc', '/freelancer/smith-adam', '/freelancer/le-dinh-ky', '/freelancer/bang-andre', '/freelancer/le-quoc-viet-1', '/freelancer/hoang-trong-trung', '/freelancer/huynh-trung-6']","
                Trung bình:                23 ngày
","

                Thấp nhất:                8.600.000 VNĐ

|

                Trung bình:                9.828.571 VNĐ

|

                Cao nhất:                10.900.000 VNĐ

",https://www.vlance.vn/viec-lam/chuyen-vien-lap-trinh-web
Nhận chào giá,"
Matched Betting bot software c++,Php,Python Hết hạn nhận chào giá
","
Dịch vụ cần thuê:


Viết phần mềm theo yêu cầu 

","
Kỹ năng

PHP , 
Python , 
code  ","

I need a bot that automates matched betting process from the signup to the placing of bets and cashing out profits. 
The bot will work like this: 
1. Sign Up and autofill predetermined info on bookmaker site add promo code and sign up to exchange 
2.Deposit money via automated via cc details 
3. Use either profitaccumulator.com or oddsmonkey.com to find bets then place. 
4. Receive bonus and repeat process 3. 
I will need a graphical user interface with the above features. 
If constant profit can be achieved you will also be on a monthly profit share basis. 
I Have many projects and wish to build a Long term friendship with a highly skilled coder please show me your previous work. 
Look forward to your responses:)

","

ID dự án
39795
Ngày đăng

                                            28/04/2020, 14:53                                    
Chỉ còn
Hết hạn nhận chào giá
Địa điểm

                Toàn Quốc            
Ngân sách

                20.000.000đ                            
Hình thức làm việc

                                            Làm tại văn phòng                                                                            
Hình thức trả lương

                                    Trả theo dự án                            

","









                        STEPHEN MC                
















Đến từ
Toàn quốc
Tham gia
28/04/2020
Đã đăng


                    4                    việc                



","
                Chào giá:                                        
                        1                    
",['/freelancer/nguyen-minh-tung-7'],"
                Trung bình:                21 ngày
","

                Thấp nhất:                20.000.000 VNĐ

|

                Trung bình:                20.000.000 VNĐ

|

                Cao nhất:                20.000.000 VNĐ

",https://www.vlance.vn/viec-freelance/matched-betting-bot-software-c-php-python-cebu
Nhận chào giá,"
Code css cho website đẹp hơn (mobile responsive) Đã hoàn thành
","
Dịch vụ cần thuê:


Thiết kế giao diện website 

","
Kỹ năng

CSS , 
HTML , 
code , 
responsive  ","

Mình đang thuê 1 web app từ công ty khác và họ có HTML and CSS editor để làm đẹp lại website. Mình cần 1 bạn biết code CSS để chỉnh lại giúp mình. 
Mình cũng có nhiều file logo designer đã gửi nhưng hiện tại upload lên thì khá mờ và cần chỉnh lại sao cho rõ trên website. 
Các bạn vui lòng báo giá giúp mình nhé.

","

ID dự án
39794
Ngày đăng

                                            28/04/2020, 14:08                                    
Chỉ còn
Đã hoàn thành
Địa điểm

                Toàn Quốc            
Ngân sách

                1.000.000đ                            
Hình thức làm việc

                                            Làm tại văn phòng                                                                            
Hình thức trả lương

                                    Trả theo dự án                            

","









                        Nguyễn Thành Đạt                


















Đến từ
TP. Ho Chi Minh
Tham gia
15/01/2020
Đã đăng


                    4                    việc                



","
                Chào giá:                                        
                        5                    
","['/freelancer/trueday', '/freelancer/thanh-vu-van-3', '/freelancer/pham-van-huy-1218', '/freelancer/ngo-chung-kien', '/freelancer/cuong-nguyen-van-11']","
                Trung bình:                3 ngày
","

                Thấp nhất:                1.000.000 VNĐ

|

                Trung bình:                1.000.000 VNĐ

|

                Cao nhất:                1.000.000 VNĐ

",https://www.vlance.vn/viec-freelance/code-css-cho-website-dep-hon-mobile-responsive
Nhận chào giá,"
Thiết kế website bán hàng tích hợp thanh toán online Hết hạn nhận chào giá
","
Dịch vụ cần thuê:


Dựng website bán hàng 

","
Kỹ năng

SEO , 
Bán hàng  ","

- Thiết kế website chuẩn seo google với giao diên PC và Mobile 
- Đăng sản phẩm, bán hàng online - tích hợp thanh toán qua Vnpay, Visa, Post, Internet banking. (sẽ có 2 bảng giá của sản phẩm. 1-cho đại lý, 2-người sử dụng, phân theo khu vực hoặc tỉnh.)

","

ID dự án
39791
Ngày đăng

                                            28/04/2020, 11:57                                    
Chỉ còn
Hết hạn nhận chào giá
Địa điểm

                Toàn Quốc            
Ngân sách

                2.000.000đ                            
Hình thức làm việc

                                            Làm tại văn phòng                                                                            
Hình thức trả lương

                                    Trả theo dự án                            

","









                        Le Viết Tám                


















Đến từ
Toàn quốc
Tham gia
24/04/2020
Đã đăng


                    2                    việc                



","
                Chào giá:                                        
                        8                    
","['/freelancer/luu-quang-huy-2', '/freelancer/smith-adam', '/freelancer/phuc-vo-1', '/freelancer/dung-nakedsnake', '/freelancer/nguyen-ut-hien', '/freelancer/le-quoc-viet-1', '/freelancer/thanh-vu-van-3', '/freelancer/ngo-chung-kien']","
                Trung bình:                8 ngày
","

                Thấp nhất:                2.000.000 VNĐ

|

                Trung bình:                5.750.000 VNĐ

|

                Cao nhất:                10.000.000 VNĐ

",https://www.vlance.vn/viec-freelance/thiet-ke-website-ban-hang-tich-hop-thanh-toan-online
Nhận chào giá,"
Website bán hàng Hết hạn nhận chào giá
","
Dịch vụ cần thuê:


Dựng website bán hàng 

","
Kỹ năng

Bán hàng  ","

Tham gia dự án website bán hàng (hưởng lương cứng + cổ phần). Công việc chính là: Lập website với các chức năng theo ý tưởng của team. Duy trì, cập nhật web. Liên hệ để trao đổi chi tiết. Dành cho các bạn ở Hà Nội để tiện gặp gỡ trao đổi cộng việc.

","

ID dự án
39789
Ngày đăng

                                            28/04/2020, 11:28                                    
Chỉ còn
Hết hạn nhận chào giá
Địa điểm

                Hà Nội            
Ngân sách

                3.000.000đ                                                             - 5.000.000đ                                                
Hình thức làm việc

                                            Làm tại văn phòng                                                                            
Hình thức trả lương

                                    Trả theo dự án                            

","









                        Vũ Công                


















Đến từ
Ha Noi
Tham gia
02/01/2020
Đã đăng


                    3                    việc                



","
                Chào giá:                                        
                        1                    
",['/freelancer/luu-quang-huy-2'],"
                Trung bình:                3 ngày
","

                Thấp nhất:                5.000.000 VNĐ

|

                Trung bình:                5.000.000 VNĐ

|

                Cao nhất:                5.000.000 VNĐ

",https://www.vlance.vn/viec-lam/website-ban-hang-2
Nhận chào giá,"
Cấu hình cho Wordpress Content Clawer Hết hạn nhận chào giá
","
Dịch vụ cần thuê:


Viết phần mềm theo yêu cầu 

","
Kỹ năng

PHP , 
Wordpress  ","

Cấu hình cho Wordpress Content Clawer để lấy bài viết từ các website khác nhau. (dưới 10 website) 
- https://www.grid.id 
- https://www.kapanlagi.com 
- https://wiken.grid.id 
-https://www.wowkeren.com/ 
- https://indeks.kompas.com/?site=news&date=2020-03-27 
-https://www.indozone.id/news

","

ID dự án
39787
Ngày đăng

                                            28/04/2020, 10:30                                    
Chỉ còn
Hết hạn nhận chào giá
Địa điểm

                Toàn Quốc            
Ngân sách

                2.000.000đ                            
Hình thức làm việc

                                            Làm tại văn phòng                                                                            
Hình thức trả lương

                                    Trả theo dự án                            

","









                        Nguyễn Minh Tú                



Designer, Writer












Đến từ
Ha Noi
Tham gia
30/11/2014
Đã đăng


                    1                    việc                



","
                Chào giá:                                        
                        1                    
",['/freelancer/le-quoc-viet-1'],"
                Trung bình:                5 ngày
","

                Thấp nhất:                4.000.000 VNĐ

|

                Trung bình:                4.000.000 VNĐ

|

                Cao nhất:                4.000.000 VNĐ

",https://www.vlance.vn/viec-freelance/cau-hinh-cho-wordpress-content-clawer
Nhận chào giá,"
Viết thêm toolbox cho surveyjs Hết hạn nhận chào giá
","
Dịch vụ cần thuê:


Xử lý dữ liệu 

",,"

Xin chào 
Hiện tại mình thêm 1 mục điền vào văn bản cho surveyjs (như hình). Bạn nào làm được để lại báo giá hoặc inbox mình nha. 
Hiện tại mình thêm 1 mục điền vào văn bản cho surveyjs (như hình). Bạn nào làm được để lại báo giá hoặc inbox mình nha. 
Xin cảm ơn.

","

ID dự án
39786
Ngày đăng

                                            28/04/2020, 10:26                                    
Chỉ còn
Hết hạn nhận chào giá
Địa điểm

                TP. Hồ Chí Minh            
Ngân sách

                1.000.000đ                            
Hình thức làm việc

                                            Làm tại văn phòng                                                                            
Hình thức trả lương

                                    Trả theo dự án                            

","









                        Nghị Trần Nguyễn                





Lập trình viên full-stack












Đến từ
TP. Ho Chi Minh
Tham gia
11/09/2016
Đã đăng


                    26                    việc                



","
                Chào giá:                                        
                        2                    
",['/freelancer/truong-hung-phong'],"
                Trung bình:                -3 ngày
","

                Thấp nhất:                1.500.000 VNĐ

|

                Trung bình:                -900.000 VNĐ

|

                Cao nhất:                1.500.000 VNĐ

",https://www.vlance.vn/viec-freelance/viet-them-toolbox-cho-surveyjs
Nhận chào giá,"
Lập trình web ngôn ngữ PHP Hết hạn nhận chào giá
",,"
Kỹ năng

PHP , 
Lập trình web , 
PSD  ","

Thiết kế website từ file thiết kế PSD,chúng tôi đã chuẩn bị sẵn file thiết kế bằng photoshop. Cần kiếm người thiết kế website, hoàn thành trong vòng 1 tuần. 
Cần tuyển gấp, khu vực thủ đức thành phố hồ chí minh

","

ID dự án
39785
Ngày đăng

                                            28/04/2020, 10:21                                    
Chỉ còn
Hết hạn nhận chào giá
Địa điểm

                TP. Hồ Chí Minh            
Ngân sách

                10.000.000đ                                                                
Hình thức làm việc

                                            Làm tại văn phòng                                                                            
Hình thức trả lương

                                    Trả theo dự án                            

","









                        Quy                





Developer












Đến từ
TP. Ho Chi Minh
Tham gia
23/04/2020
Đã đăng


                    2                    việc                



","
                Chào giá:                                        
                        7                    
","['/freelancer/nguyen-huu-ngoc', '/freelancer/phung-truong-3', '/freelancer/hao-trong', '/freelancer/bang-andre', '/freelancer/ngo-chung-kien', '/freelancer/le-quoc-viet-1', '/freelancer/thanh-vu-van-3']","
                Trung bình:                8 ngày
","

                Thấp nhất:                2.000.000 VNĐ

|

                Trung bình:                9.714.286 VNĐ

|

                Cao nhất:                15.000.000 VNĐ

",https://www.vlance.vn/viec-freelance/lap-trinh-web-ngon-ngu-php
